what,kind,bundleId,bundleVersion,description,time
activated,perspective,org.eclipse.jdt.ui,,"org.eclipse.jdt.ui.JavaPerspective",1441873749878
started,bundle,org.eclipse.osgi,3.7.2.v20120110-1415,"org.eclipse.osgi",1441873749879
started,bundle,org.eclipse.equinox.simpleconfigurator,1.0.200.v20110815-1438,"org.eclipse.equinox.simpleconfigurator",1441873749879
started,bundle,com.ibm.icu,4.4.2.v20110823,"com.ibm.icu",1441873749879
started,bundle,oracle.eclipse.tools.glassfish,4.2.1.201201241947,"oracle.eclipse.tools.glassfish",1441873749879
started,bundle,org.eclipse.core.contenttype,3.4.100.v20110423-0524,"org.eclipse.core.contenttype",1441873749879
started,bundle,org.eclipse.core.databinding.observable,1.4.0.I20110222-0800,"org.eclipse.core.databinding.observable",1441873749891
started,bundle,org.eclipse.core.expressions,3.4.300.v20110228,"org.eclipse.core.expressions",1441873749891
started,bundle,org.eclipse.core.filebuffers,3.5.200.v20110928-1504,"org.eclipse.core.filebuffers",1441873749891
started,bundle,org.eclipse.core.jobs,3.5.101.v20120113-1953,"org.eclipse.core.jobs",1441873749891
started,bundle,org.eclipse.core.net,1.2.100.I20110511-0800,"org.eclipse.core.net",1441873749891
started,bundle,org.eclipse.core.resources,3.7.101.v20120125-1505,"org.eclipse.core.resources",1441873749891
started,bundle,org.eclipse.core.runtime,3.7.0.v20110110,"org.eclipse.core.runtime",1441873749891
started,bundle,org.eclipse.core.runtime.compatibility,3.2.100.v20100505,"org.eclipse.core.runtime.compatibility",1441873749898
started,bundle,org.eclipse.core.runtime.compatibility.auth,3.2.200.v20110110,"org.eclipse.core.runtime.compatibility.auth",1441873749898
started,bundle,org.eclipse.ecf.filetransfer,5.0.0.v20110531-2218,"org.eclipse.ecf.filetransfer",1441873749898
started,bundle,org.eclipse.epp.mpc.ui,1.1.1.I20110907-0947,"org.eclipse.epp.mpc.ui",1441873749898
started,bundle,org.eclipse.epp.usagedata.gathering,1.3.1.R201106061540,"org.eclipse.epp.usagedata.gathering",1441873749898
started,bundle,org.eclipse.epp.usagedata.recording,1.3.1.R201106061540,"org.eclipse.epp.usagedata.recording",1441873749898
started,bundle,org.eclipse.equinox.app,1.3.100.v20110321,"org.eclipse.equinox.app",1441873749899
started,bundle,org.eclipse.equinox.common,3.6.0.v20110523,"org.eclipse.equinox.common",1441873749899
started,bundle,org.eclipse.equinox.ds,1.3.1.R37x_v20110701,"org.eclipse.equinox.ds",1441873749899
started,bundle,org.eclipse.equinox.event,1.2.100.v20110502,"org.eclipse.equinox.event",1441873749899
started,bundle,org.eclipse.equinox.p2.artifact.repository,1.1.101.v20110815-1419,"org.eclipse.equinox.p2.artifact.repository",1441873749900
started,bundle,org.eclipse.equinox.p2.core,2.1.1.v20120113-1346,"org.eclipse.equinox.p2.core",1441873749900
started,bundle,org.eclipse.equinox.p2.director,2.1.1.v20111126-0211,"org.eclipse.equinox.p2.director",1441873749900
started,bundle,org.eclipse.equinox.p2.directorywatcher,1.0.300.v20110815-1419,"org.eclipse.equinox.p2.directorywatcher",1441873749901
started,bundle,org.eclipse.equinox.p2.engine,2.1.1.R37x_v20111003,"org.eclipse.equinox.p2.engine",1441873749901
started,bundle,org.eclipse.equinox.p2.extensionlocation,1.2.100.v20110815-1419,"org.eclipse.equinox.p2.extensionlocation",1441873749901
started,bundle,org.eclipse.equinox.p2.metadata,2.1.0.v20110815-1419,"org.eclipse.equinox.p2.metadata",1441873749901
started,bundle,org.eclipse.equinox.p2.metadata.repository,1.2.0.v20110815-1419,"org.eclipse.equinox.p2.metadata.repository",1441873749901
started,bundle,org.eclipse.equinox.p2.operations,2.1.1.R37x_v20111111,"org.eclipse.equinox.p2.operations",1441873749909
started,bundle,org.eclipse.equinox.p2.publisher,1.2.0.v20110815-1419,"org.eclipse.equinox.p2.publisher",1441873749920
started,bundle,org.eclipse.equinox.p2.publisher.eclipse,1.0.0.v20110815-1438,"org.eclipse.equinox.p2.publisher.eclipse",1441873749920
started,bundle,org.eclipse.equinox.p2.reconciler.dropins,1.1.100.v20110815-1419,"org.eclipse.equinox.p2.reconciler.dropins",1441873749920
started,bundle,org.eclipse.equinox.p2.repository,2.1.1.v20120113-1346,"org.eclipse.equinox.p2.repository",1441873749926
started,bundle,org.eclipse.equinox.p2.touchpoint.eclipse,2.1.1.v20110815-1419,"org.eclipse.equinox.p2.touchpoint.eclipse",1441873749926
started,bundle,org.eclipse.equinox.p2.transport.ecf,1.0.0.v20111128-0624,"org.eclipse.equinox.p2.transport.ecf",1441873749926
started,bundle,org.eclipse.equinox.p2.ui.sdk.scheduler,1.0.100.v20110815-1419,"org.eclipse.equinox.p2.ui.sdk.scheduler",1441873749926
started,bundle,org.eclipse.equinox.p2.updatechecker,1.1.200.v20110815-1419,"org.eclipse.equinox.p2.updatechecker",1441873749926
started,bundle,org.eclipse.equinox.p2.updatesite,1.0.300.v20110815-1419,"org.eclipse.equinox.p2.updatesite",1441873749926
started,bundle,org.eclipse.equinox.preferences,3.4.2.v20120111-2020,"org.eclipse.equinox.preferences",1441873749926
started,bundle,org.eclipse.equinox.registry,3.5.101.R37x_v20110810-1611,"org.eclipse.equinox.registry",1441873749926
started,bundle,org.eclipse.equinox.security,1.1.1.R37x_v20110822-1018,"org.eclipse.equinox.security",1441873749926
started,bundle,org.eclipse.equinox.util,1.0.300.v20110502,"org.eclipse.equinox.util",1441873749927
started,bundle,org.eclipse.help,3.5.100.v20110426,"org.eclipse.help",1441873749927
started,bundle,org.eclipse.jdt.core,3.7.3.v20120119-1537,"org.eclipse.jdt.core",1441873749927
started,bundle,org.eclipse.jdt.core.manipulation,1.4.0.v20110928-1453,"org.eclipse.jdt.core.manipulation",1441873749927
started,bundle,org.eclipse.jdt.ui,3.7.2.v20120109-1427,"org.eclipse.jdt.ui",1441873749927
started,bundle,org.eclipse.jface,3.7.0.v20110928-1505,"org.eclipse.jface",1441873749927
started,bundle,org.eclipse.jsch.core,1.1.300.I20110514-0800,"org.eclipse.jsch.core",1441873749927
started,bundle,org.eclipse.jst.ws.jaxws.utils,1.0.100.v201201031437,"org.eclipse.jst.ws.jaxws.utils",1441873749927
started,bundle,org.eclipse.mylyn.bugzilla.core,3.6.5.v20120123-0100,"org.eclipse.mylyn.bugzilla.core",1441873749927
started,bundle,org.eclipse.mylyn.bugzilla.ui,3.6.0.v20110608-1400,"org.eclipse.mylyn.bugzilla.ui",1441873749927
started,bundle,org.eclipse.mylyn.commons.identity,0.8.0.v20110608-1400,"org.eclipse.mylyn.commons.identity",1441873749928
started,bundle,org.eclipse.mylyn.commons.net,3.6.0.v20110608-1400,"org.eclipse.mylyn.commons.net",1441873749928
started,bundle,org.eclipse.mylyn.commons.ui,3.6.1.v20110720-0100,"org.eclipse.mylyn.commons.ui",1441873749928
started,bundle,org.eclipse.mylyn.context.core,3.6.1.v20110720-0100,"org.eclipse.mylyn.context.core",1441873749928
started,bundle,org.eclipse.mylyn.context.ui,3.6.1.v20120112-0100,"org.eclipse.mylyn.context.ui",1441873749928
started,bundle,org.eclipse.mylyn.monitor.ui,3.6.0.v20110608-1400,"org.eclipse.mylyn.monitor.ui",1441873749928
started,bundle,org.eclipse.mylyn.tasks.ui,3.6.5.v20120215-0100,"org.eclipse.mylyn.tasks.ui",1441873749928
started,bundle,org.eclipse.mylyn.team.ui,3.6.1.v20110825-0100,"org.eclipse.mylyn.team.ui",1441873749928
started,bundle,org.eclipse.pde.launching,3.6.0.v20110506,"org.eclipse.pde.launching",1441873749928
started,bundle,org.eclipse.pde.ui,3.6.100.v20120103_r372,"org.eclipse.pde.ui",1441873749928
started,bundle,org.eclipse.search,3.7.0.v20110928-1504,"org.eclipse.search",1441873749928
started,bundle,org.eclipse.team.core,3.6.0.I20110525-0800,"org.eclipse.team.core",1441873749928
started,bundle,org.eclipse.team.cvs.core,3.3.400.I20110510-0800,"org.eclipse.team.cvs.core",1441873749928
started,bundle,org.eclipse.team.cvs.ui,3.3.401.v20120126-1227,"org.eclipse.team.cvs.ui",1441873749928
started,bundle,org.eclipse.team.ui,3.6.101.R37x_v20111109-0800,"org.eclipse.team.ui",1441873749928
started,bundle,org.eclipse.ui,3.7.0.v20110928-1505,"org.eclipse.ui",1441873749928
started,bundle,org.eclipse.ui.console,3.5.100.v20111007_r372,"org.eclipse.ui.console",1441873749928
started,bundle,org.eclipse.ui.editors,3.7.0.v20110928-1504,"org.eclipse.ui.editors",1441873749928
started,bundle,org.eclipse.ui.forms,3.5.101.v20111011-1919,"org.eclipse.ui.forms",1441873749934
started,bundle,org.eclipse.ui.ide,3.7.0.v20110928-1505,"org.eclipse.ui.ide",1441873749934
started,bundle,org.eclipse.ui.net,1.2.100.v20111208-1155,"org.eclipse.ui.net",1441873749934
started,bundle,org.eclipse.ui.views,3.6.0.v20110928-1505,"org.eclipse.ui.views",1441873749934
started,bundle,org.eclipse.ui.views.log,1.0.200.v20110404,"org.eclipse.ui.views.log",1441873749934
started,bundle,org.eclipse.ui.workbench,3.7.1.v20120104-1859,"org.eclipse.ui.workbench",1441873749934
started,bundle,org.eclipse.ui.workbench.texteditor,3.7.0.v20110928-1504,"org.eclipse.ui.workbench.texteditor",1441873749934
started,bundle,org.eclipse.update.configurator,3.3.100.v20100512,"org.eclipse.update.configurator",1441873749934
started,bundle,org.eclipse.update.core,3.2.500.v20110330,"org.eclipse.update.core",1441873749934
started,bundle,org.eclipse.update.scheduler,3.2.300.v20100512,"org.eclipse.update.scheduler",1441873749934
started,bundle,org.eclipse.wst.common.project.facet.core,1.4.201.v201201101553,"org.eclipse.wst.common.project.facet.core",1441873749934
started,bundle,org.eclipse.wst.server.core,1.1.304.v20120208_1420,"org.eclipse.wst.server.core",1441873749934
started,bundle,org.eclipse.wst.server.ui,1.3.0.v20120210_1439,"org.eclipse.wst.server.ui",1441873749934
started,bundle,org.eclipse.wst.web,1.1.501.v201201190400,"org.eclipse.wst.web",1441873749934
started,bundle,org.jboss.ide.eclipse.as.core,2.3.2.v20130112-0201-H153-Final,"org.jboss.ide.eclipse.as.core",1441873749934
started,bundle,org.jboss.ide.eclipse.as.ui,2.3.2.v20130112-0201-H153-Final,"org.jboss.ide.eclipse.as.ui",1441873749934
started,bundle,org.jboss.tools.common,3.3.1.v20130102-1651-H83-Final,"org.jboss.tools.common",1441873749934
started,bundle,org.jboss.tools.common.model,3.3.1.v20130102-1651-H83-Final,"org.jboss.tools.common.model",1441873749934
started,bundle,org.jboss.tools.project.examples,1.3.1.v20130112-0559-H131-Final,"org.jboss.tools.project.examples",1441873749934
started,bundle,org.jboss.tools.runtime.ui,1.3.0.v20130112-0541-H121-Final,"org.jboss.tools.runtime.ui",1441873749934
started,bundle,org.jboss.tools.usage,1.1.0.v20130102-1715-H74-Final,"org.jboss.tools.usage",1441873749934
os,sysinfo,,,"win32",1441873749937
arch,sysinfo,,,"x86_64",1441873749937
ws,sysinfo,,,"win32",1441873749937
locale,sysinfo,,,"en_US",1441873749937
processors,sysinfo,,,"8",1441873749937
java.runtime.name,sysinfo,,,"Java(TM) SE Runtime Environment",1441873749937
java.runtime.version,sysinfo,,,"1.7.0_07-b11",1441873749937
java.specification.name,sysinfo,,,"Java Platform API Specification",1441873749937
java.specification.vendor,sysinfo,,,"Oracle Corporation",1441873749937
java.specification.version,sysinfo,,,"1.7",1441873749937
java.vendor,sysinfo,,,"Oracle Corporation",1441873749937
java.version,sysinfo,,,"1.7.0_07",1441873749937
java.vm.info,sysinfo,,,"mixed mode",1441873749937
java.vm.name,sysinfo,,,"Java HotSpot(TM) 64-Bit Server VM",1441873749937
java.vm.specification.name,sysinfo,,,"Java Virtual Machine Specification",1441873749937
java.vm.specification.vendor,sysinfo,,,"Oracle Corporation",1441873749937
java.vm.specification.version,sysinfo,,,"1.7",1441873749937
java.vm.vendor,sysinfo,,,"Oracle Corporation",1441873749937
java.vm.version,sysinfo,,,"23.3-b01",1441873749937
started,bundle,org.jboss.tools.runtime.core,1.3.0.v20130112-0541-H121-Final,"org.jboss.tools.runtime.core",1441873750652
opened,view,org.eclipse.jdt.ui,3.7.2.v20120109-1427,"org.eclipse.jdt.ui.TypeHierarchy",1441873752358
activated,view,org.eclipse.jdt.ui,3.7.2.v20120109-1427,"org.eclipse.jdt.ui.TypeHierarchy",1441873752411
closed,view,org.eclipse.jdt.ui,3.7.2.v20120109-1427,"org.eclipse.jdt.ui.PackageExplorer",1441873752421
started,bundle,org.eclipse.wst.common.frameworks,1.2.102.v201201190400,"org.eclipse.wst.common.frameworks",1441873752820
started,bundle,org.eclipse.jst.common.project.facet.core,1.4.200.v201103170302,"org.eclipse.jst.common.project.facet.core",1441873752884
started,bundle,org.eclipse.jst.ws.jaxrs.core,1.0.301.v201108240656,"org.eclipse.jst.ws.jaxrs.core",1441873752895
activated,view,org.eclipse.ui.ide,3.7.0.v20110928-1505,"org.eclipse.ui.views.ProblemView",1441873754698
closed,view,org.eclipse.jdt.ui,3.7.2.v20120109-1427,"org.eclipse.jdt.ui.TypeHierarchy",1441873754723
activated,view,org.eclipse.ui.views,3.6.0.v20110928-1505,"org.eclipse.ui.views.ContentOutline",1441873756810
activated,view,org.eclipse.ui.ide,3.7.0.v20110928-1505,"org.eclipse.ui.views.ProblemView",1441873756815
closed,view,org.eclipse.ui.views,3.6.0.v20110928-1505,"org.eclipse.ui.views.ContentOutline",1441873756838
opened,view,org.eclipse.jdt.ui,3.7.2.v20120109-1427,"org.eclipse.jdt.ui.JavadocView",1441873758631
activated,view,org.eclipse.jdt.ui,3.7.2.v20120109-1427,"org.eclipse.jdt.ui.JavadocView",1441873758659
closed,view,org.eclipse.ui.ide,3.7.0.v20110928-1505,"org.eclipse.ui.views.ProblemView",1441873758664
opened,view,org.eclipse.jdt.ui,3.7.2.v20120109-1427,"org.eclipse.jdt.ui.SourceView",1441873760391
activated,view,org.eclipse.jdt.ui,3.7.2.v20120109-1427,"org.eclipse.jdt.ui.SourceView",1441873760441
closed,view,org.eclipse.jdt.ui,3.7.2.v20120109-1427,"org.eclipse.jdt.ui.JavadocView",1441873760449
closed,view,org.eclipse.jdt.ui,3.7.2.v20120109-1427,"org.eclipse.jdt.ui.SourceView",1441873761966
opened,view,org.eclipse.ui.ide,3.7.0.v20110928-1505,"org.eclipse.ui.views.ResourceNavigator",1441873766981
activated,view,org.eclipse.ui.ide,3.7.0.v20110928-1505,"org.eclipse.ui.views.ResourceNavigator",1441873767039
executed,command,org.eclipse.ui,3.7.0.v20110928-1505,"org.eclipse.ui.views.showView",1441873767043
deactivated,workbench,org.eclipse.ui.workbench,3.7.1.v20120104-1859,"",1441873771380
activated,workbench,org.eclipse.ui.workbench,3.7.1.v20120104-1859,"",1441873773225
deactivated,workbench,org.eclipse.ui.workbench,3.7.1.v20120104-1859,"",1441873778537
activated,workbench,org.eclipse.ui.workbench,3.7.1.v20120104-1859,"",1441873784792
closed,workbench,org.eclipse.ui.workbench,3.7.1.v20120104-1859,"",1441873784911
started,bundle,org.eclipse.core.filesystem,1.3.100.v20110423-0524,"org.eclipse.core.filesystem",1441873785223
started,bundle,org.eclipse.compare.core,3.5.200.I20110208-0800,"org.eclipse.compare.core",1441873785514
started,bundle,org.eclipse.compare,3.5.202.R37x_v20111109-0800,"org.eclipse.compare",1441873785518
stopped,bundle,org.eclipse.jst.ws.axis.creation.ui,1.0.700.v201104070312,"org.eclipse.jst.ws.axis.creation.ui",1441873785734
stopped,bundle,org.eclipse.jst.ws.axis.consumption.ui,1.0.505.v201004211805,"org.eclipse.jst.ws.axis.consumption.ui",1441873785734
stopped,bundle,org.eclipse.jst.ws.axis.consumption.core,1.0.407.v201104071820,"org.eclipse.jst.ws.axis.consumption.core",1441873785734
stopped,bundle,org.eclipse.jst.ws.axis2.creation.ui,1.0.104.v201004211805,"org.eclipse.jst.ws.axis2.creation.ui",1441873785735
stopped,bundle,org.eclipse.jst.ws.axis2.consumption.ui,1.0.103.v201004211805,"org.eclipse.jst.ws.axis2.consumption.ui",1441873785735
stopped,bundle,org.eclipse.jst.ws.axis2.creation.core,1.0.106.v201004211805,"org.eclipse.jst.ws.axis2.creation.core",1441873785745
stopped,bundle,org.eclipse.jst.ws.axis2.consumption.core,1.0.105.v201004211805,"org.eclipse.jst.ws.axis2.consumption.core",1441873785763
stopped,bundle,org.eclipse.jst.ws.axis2.ui,1.0.303.v201003110431,"org.eclipse.jst.ws.axis2.ui",1441873785763
stopped,bundle,org.eclipse.jst.ws.axis2.core,1.0.204.v201004211805,"org.eclipse.jst.ws.axis2.core",1441873785763
stopped,bundle,org.eclipse.jst.ws.cxf.creation.ui,1.0.100.v201104022153,"org.eclipse.jst.ws.cxf.creation.ui",1441873785763
stopped,bundle,org.jboss.tools.ws.creation.ui,1.3.1.v20130112-0330-H156-Final,"org.jboss.tools.ws.creation.ui",1441873785763
stopped,bundle,org.eclipse.jst.ws.creation.ui,1.0.609.v201103082016,"org.eclipse.jst.ws.creation.ui",1441873785763
stopped,bundle,org.eclipse.jst.ws.cxf.consumption.ui,1.0.0.v201003222311,"org.eclipse.jst.ws.cxf.consumption.ui",1441873785763
stopped,bundle,org.jboss.tools.ws.ui,1.3.1.v20130112-0330-H156-Final,"org.jboss.tools.ws.ui",1441873785763
stopped,bundle,org.jboss.tools.ws.creation.core,1.3.1.v20130112-0330-H156-Final,"org.jboss.tools.ws.creation.core",1441873785787
stopped,bundle,org.jboss.tools.ws.core,1.3.1.v20130112-0330-H156-Final,"org.jboss.tools.ws.core",1441873785787
stopped,bundle,org.eclipse.jst.ws.consumption.ui,1.1.402.v201201250306,"org.eclipse.jst.ws.consumption.ui",1441873785787
stopped,bundle,org.eclipse.jst.ws.consumption,1.0.603.v201202012024,"org.eclipse.jst.ws.consumption",1441873785787
stopped,bundle,org.eclipse.jst.ws.cxf.consumption.core,1.0.0.v201003222311,"org.eclipse.jst.ws.cxf.consumption.core",1441873785787
stopped,bundle,org.eclipse.jst.ws.cxf.creation.core,1.0.100.v201104022153,"org.eclipse.jst.ws.cxf.creation.core",1441873785811
stopped,bundle,org.eclipse.jst.ws.cxf.ui,1.0.0.v201004171919,"org.eclipse.jst.ws.cxf.ui",1441873785811
stopped,bundle,org.eclipse.jst.ws.cxf.core,1.0.100.v201104022153,"org.eclipse.jst.ws.cxf.core",1441873785811
stopped,bundle,org.eclipse.jst.ws.uddiregistry,1.0.500.v201004211805,"org.eclipse.jst.ws.uddiregistry",1441873785811
stopped,bundle,org.eclipse.jst.ws.ui,1.0.403.v201004211805,"org.eclipse.jst.ws.ui",1441873785811
stopped,bundle,org.eclipse.jst.ws,1.0.509.v201108250610,"org.eclipse.jst.ws",1441873785828
stopped,bundle,org.eclipse.wst.ws.explorer,1.0.607.v201103082002,"org.eclipse.wst.ws.explorer",1441873785828
stopped,bundle,org.eclipse.wst.wsdl.ui,1.2.403.v201108240515,"org.eclipse.wst.wsdl.ui",1441873785828
stopped,bundle,org.eclipse.wst.ws.ui,1.1.200.v201004211805,"org.eclipse.wst.ws.ui",1441873785828
stopped,bundle,org.eclipse.wst.wsi.ui,1.0.502.v201104071820,"org.eclipse.wst.wsi.ui",1441873785829
stopped,bundle,org.eclipse.wst.wsi,1.0.401.v201104071820,"org.eclipse.wst.wsi",1441873785829
stopped,bundle,org.eclipse.wst.ws,1.1.203.v201004211805,"org.eclipse.wst.ws",1441873785829
stopped,bundle,org.eclipse.jst.j2ee.webservice.ui,1.1.500.v201105122000,"org.eclipse.jst.j2ee.webservice.ui",1441873785829
stopped,bundle,org.eclipse.jst.j2ee.webservice,1.1.400.v201004110600,"org.eclipse.jst.j2ee.webservice",1441873785829
stopped,bundle,org.eclipse.wst.ws.parser,1.0.403.v201004211805,"org.eclipse.wst.ws.parser",1441873785842
stopped,bundle,org.apache.axis2.eclipse.codegen.plugin,1.6.2,"org.apache.axis2.eclipse.codegen.plugin",1441873785842
stopped,bundle,org.apache.axis2.eclipse.service.plugin,1.6.2,"org.apache.axis2.eclipse.service.plugin",1441873785842
stopped,bundle,org.eclipse.jpt.dbws.eclipselink.ui,1.0.0.v201104110000,"org.eclipse.jpt.dbws.eclipselink.ui",1441873785842
stopped,bundle,org.eclipse.jst.ws.jaxws.ui,1.0.100.v201104032053,"org.eclipse.jst.ws.jaxws.ui",1441873785842
stopped,bundle,org.eclipse.jst.ws.jaxws.core,1.0.100.v201104031139,"org.eclipse.jst.ws.jaxws.core",1441873785842
stopped,bundle,org.eclipse.mylyn.bugzilla.ui,3.6.0.v20110608-1400,"org.eclipse.mylyn.bugzilla.ui",1441873785842
stopped,bundle,org.eclipse.mylyn.bugzilla.core,3.6.5.v20120123-0100,"org.eclipse.mylyn.bugzilla.core",1441873785842
stopped,bundle,org.eclipse.mylyn.commons.xmlrpc,3.6.0.v20110608-1400,"org.eclipse.mylyn.commons.xmlrpc",1441873785843
stopped,bundle,org.eclipse.datatools.enablement.oda.ws.ui,1.2.3.v201112061438,"org.eclipse.datatools.enablement.oda.ws.ui",1441873785843
stopped,bundle,org.eclipse.datatools.enablement.oda.ws,1.2.3.v201112061438,"org.eclipse.datatools.enablement.oda.ws",1441873785843
stopped,bundle,org.eclipse.wst.wsdl,1.2.202.v201108230355,"org.eclipse.wst.wsdl",1441873785843
stopped,bundle,org.eclipse.wst.wsdl.validation,1.1.502.v201104071820,"org.eclipse.wst.wsdl.validation",1441873785843
stopped,bundle,oracle.eclipse.tools.glassfish,4.2.1.201201241947,"oracle.eclipse.tools.glassfish",1441873785843
stopped,bundle,org.eclipse.wst.xsl.exslt.ui,1.0.0.v201006012005,"org.eclipse.wst.xsl.exslt.ui",1441873785843
stopped,bundle,org.eclipse.wst.xsl.jaxp.debug.ui,1.0.200.v201103081922,"org.eclipse.wst.xsl.jaxp.debug.ui",1441873785843
stopped,bundle,org.eclipse.wst.xsl.ui,1.1.200.v201103082057,"org.eclipse.wst.xsl.ui",1441873785843
stopped,bundle,org.eclipse.wst.xml.xpath.ui,1.1.100.v201105030025,"org.eclipse.wst.xml.xpath.ui",1441873785843
stopped,bundle,org.eclipse.wst.xsl.debug.ui,1.0.200.v201101281837,"org.eclipse.wst.xsl.debug.ui",1441873785843
stopped,bundle,org.eclipse.wst.xsl.jaxp.launching,1.0.200.v201103081922,"org.eclipse.wst.xsl.jaxp.launching",1441873785843
stopped,bundle,org.eclipse.wst.xsl.launching,1.0.200.v201103081922,"org.eclipse.wst.xsl.launching",1441873785843
stopped,bundle,org.eclipse.wst.xsl.core,1.1.100.v201102270516,"org.eclipse.wst.xsl.core",1441873785844
stopped,bundle,org.eclipse.wst.xml.xpath.core,1.2.1.v201109010357,"org.eclipse.wst.xml.xpath.core",1441873785844
stopped,bundle,org.eclipse.datatools.enablement.oda.xml.ui,1.2.3.v201112071047,"org.eclipse.datatools.enablement.oda.xml.ui",1441873785844
stopped,bundle,org.eclipse.datatools.enablement.oda.xml,1.2.3.v201112061438,"org.eclipse.datatools.enablement.oda.xml",1441873785844
stopped,bundle,org.eclipse.jst.jsf.apache.trinidad.tagsupport,1.1.200.v201104061711,"org.eclipse.jst.jsf.apache.trinidad.tagsupport",1441873785844
stopped,bundle,org.eclipse.jst.jsf.facelet.ui,1.0.1.v201104032306,"org.eclipse.jst.jsf.facelet.ui",1441873785844
stopped,bundle,org.jboss.tools.project.examples.cheatsheet,1.3.1.v20130112-0559-H131-Final,"org.jboss.tools.project.examples.cheatsheet",1441873785844
stopped,bundle,org.jboss.tools.project.examples,1.3.1.v20130112-0559-H131-Final,"org.jboss.tools.project.examples",1441873785844
stopped,bundle,org.jboss.tools.seam.core,3.3.0.v20130112-0336-H148-Final,"org.jboss.tools.seam.core",1441873785844
stopped,bundle,org.eclipse.jst.jsf.facelet.core,1.0.100.v201104191527,"org.eclipse.jst.jsf.facelet.core",1441873785844
stopped,bundle,org.eclipse.jst.jsf.facesconfig.ui,1.2.2.v201103292152,"org.eclipse.jst.jsf.facesconfig.ui",1441873785844
stopped,bundle,org.jboss.tools.cdi.text.ext,1.2.0.v20130102-1842-H87-Final,"org.jboss.tools.cdi.text.ext",1441873785844
stopped,bundle,org.jboss.tools.cdi.xml.ui,1.2.0.v20130102-1842-H87-Final,"org.jboss.tools.cdi.xml.ui",1441873785844
stopped,bundle,org.jboss.tools.cdi.ui,1.2.0.v20130102-1842-H87-Final,"org.jboss.tools.cdi.ui",1441873785844
stopped,bundle,org.eclipse.jst.jsf.ui,1.3.2.v201104251204,"org.eclipse.jst.jsf.ui",1441873785844
stopped,bundle,org.eclipse.jst.pagedesigner.jsf.ui,1.2.100.v201104061711,"org.eclipse.jst.pagedesigner.jsf.ui",1441873785844
stopped,bundle,org.eclipse.jst.pagedesigner,1.3.104.v201201181342,"org.eclipse.jst.pagedesigner",1441873785844
stopped,bundle,org.eclipse.jst.jsf.core,1.3.105.v201108261005,"org.eclipse.jst.jsf.core",1441873785845
stopped,bundle,org.eclipse.jst.jsf.common.ui,1.2.100.v201104061711,"org.eclipse.jst.jsf.common.ui",1441873785845
stopped,bundle,org.eclipse.jst.jsf.standard.tagsupport,1.2.100.v201104061711,"org.eclipse.jst.jsf.standard.tagsupport",1441873785845
stopped,bundle,org.eclipse.jst.pagedesigner.jsp.core,1.2.0.v20100308,"org.eclipse.jst.pagedesigner.jsp.core",1441873785845
stopped,bundle,org.eclipse.jst.jsf.common,1.2.3.v201104061039,"org.eclipse.jst.jsf.common",1441873785845
stopped,bundle,org.eclipse.wst.jsdt.web.support.jsp,1.0.400.v201102241833,"org.eclipse.wst.jsdt.web.support.jsp",1441873785845
stopped,bundle,org.jboss.tools.jsf,3.3.1.v20130112-0128-H128-Final,"org.jboss.tools.jsf",1441873785845
stopped,bundle,org.jboss.tools.jst.css,3.3.1.v20130102-1748-H95-Final,"org.jboss.tools.jst.css",1441873785845
stopped,bundle,org.jboss.tools.jst.web.tiles.ui,3.3.1.v20130102-1748-H95-Final,"org.jboss.tools.jst.web.tiles.ui",1441873785845
stopped,bundle,org.jboss.tools.jst.web.ui,3.3.1.v20130102-1748-H95-Final,"org.jboss.tools.jst.web.ui",1441873785845
stopped,bundle,org.jboss.tools.jst.jsp,3.3.1.v20130102-1748-H95-Final,"org.jboss.tools.jst.jsp",1441873785845
stopped,bundle,org.jboss.tools.seam.pages.xml,3.3.0.v20130112-0336-H148-Final,"org.jboss.tools.seam.pages.xml",1441873785845
stopped,bundle,org.eclipse.jst.jsp.ui,1.1.602.v201112071516,"org.eclipse.jst.jsp.ui",1441873785845
stopped,bundle,org.jboss.tools.cdi.core,1.2.0.v20130102-1842-H87-Final,"org.jboss.tools.cdi.core",1441873785845
stopped,bundle,org.jboss.tools.jst.text.ext,3.3.1.v20130102-1748-H95-Final,"org.jboss.tools.jst.text.ext",1441873785845
stopped,bundle,org.jboss.tools.jst.web.kb,3.3.1.v20130102-1748-H95-Final,"org.jboss.tools.jst.web.kb",1441873785845
stopped,bundle,org.jboss.tools.common.el.ui,3.3.1.v20130102-1651-H83-Final,"org.jboss.tools.common.el.ui",1441873785846
stopped,bundle,org.jboss.tools.common.resref.ui,3.3.1.v20130102-1651-H83-Final,"org.jboss.tools.common.resref.ui",1441873785846
stopped,bundle,org.jboss.tools.hibernate.xml.ui,3.5.1.v20130102-1835-H100-Final,"org.jboss.tools.hibernate.xml.ui",1441873785846
stopped,bundle,org.jboss.tools.common.model.ui,3.3.1.v20130102-1651-H83-Final,"org.jboss.tools.common.model.ui",1441873785846
stopped,bundle,org.jboss.tools.common.text.ext,3.3.1.v20130102-1651-H83-Final,"org.jboss.tools.common.text.ext",1441873785846
stopped,bundle,org.jboss.tools.cdi.xml,1.2.0.v20130102-1842-H87-Final,"org.jboss.tools.cdi.xml",1441873785846
stopped,bundle,org.jboss.tools.jst.web.tiles,3.3.1.v20130102-1748-H95-Final,"org.jboss.tools.jst.web.tiles",1441873785847
stopped,bundle,org.jboss.tools.jst.web.verification,3.3.1.v20130102-1748-H95-Final,"org.jboss.tools.jst.web.verification",1441873785847
stopped,bundle,org.jboss.tools.seam.xml,3.3.0.v20130112-0336-H148-Final,"org.jboss.tools.seam.xml",1441873785847
stopped,bundle,org.jboss.tools.jst.web,3.3.1.v20130102-1748-H95-Final,"org.jboss.tools.jst.web",1441873785847
stopped,bundle,org.eclipse.jst.jsp.core,1.2.402.v201112071853,"org.eclipse.jst.jsp.core",1441873785847
stopped,bundle,org.eclipse.wst.jsdt.web.ui,1.0.401.v201108152113,"org.eclipse.wst.jsdt.web.ui",1441873785847
stopped,bundle,org.eclipse.jpt.jaxb.eclipselink.ui,1.1.0.v201105110000,"org.eclipse.jpt.jaxb.eclipselink.ui",1441873785847
stopped,bundle,org.eclipse.jpt.jaxb.ui,1.1.2.v201201260000,"org.eclipse.jpt.jaxb.ui",1441873785847
stopped,bundle,org.eclipse.jpt.jpa.eclipselink.ui,2.0.1.v201108080010,"org.eclipse.jpt.jpa.eclipselink.ui",1441873785847
stopped,bundle,org.jboss.tools.hibernate.jpt.ui,3.5.1.v20130102-1835-H100-Final,"org.jboss.tools.hibernate.jpt.ui",1441873785847
stopped,bundle,org.eclipse.jpt.jpa.ui,3.0.2.v201201243020,"org.eclipse.jpt.jpa.ui",1441873785847
stopped,bundle,org.eclipse.jst.j2ee.ejb.annotations.ui,1.1.200.v201004290730,"org.eclipse.jst.j2ee.ejb.annotations.ui",1441873785847
stopped,bundle,org.eclipse.jst.ejb.ui,1.1.601.v201201261600,"org.eclipse.jst.ejb.ui",1441873785847
stopped,bundle,org.jboss.tools.portlet.core,1.3.1.v20130112-0535-H115-Final,"org.jboss.tools.portlet.core",1441873785847
stopped,bundle,org.jboss.ide.eclipse.as.classpath.core,2.3.2.v20130112-0201-H153-Final,"org.jboss.ide.eclipse.as.classpath.core",1441873785847
